{ 
	"number": 25,
	"cards":
[
  { "id": 1, "name": "fromage", "response": 1 },
  { "id": 2, "name": "lampe", "response": 2 },
  { "id": 3, "name": "ventilateur", "response": 1 },
  { "id": 4, "name": "autobus", "response": 2 },
  { "id": 5, "name": "bague", "response": 1 },
  { "id": 6, "name": "autruche", "response": 2 },
  { "id": 7, "name": "chaise", "response": 2 },
  { "id": 8, "name": "caravane", "response": 1 },
  { "id": 9, "name": "compas", "response": 1 },
  { "id": 10, "name": "bidon", "response": 3 },
  { "id": 11, "name": "barette", "response": 1 },
  { "id": 12, "name": "piano", "response": 1 },
  { "id": 13, "name": "navire", "response": 1 },
  { "id": 14, "name": "sanglier", "response": 2 },
  { "id": 15, "name": "tambour", "response": 2 },
  { "id": 16, "name": "singe", "response": 3 },
  { "id": 17, "name": "maison", "response": 2 },
  { "id": 18, "name": "camion", "response": 1 },
  { "id": 19, "name": "bottes", "response": 3 },
  { "id": 20, "name": "palette", "response": 1 },
  { "id": 21, "name": "potage", "response": 1 },
  { "id": 22, "name": "chemise", "response": 3 },
  { "id": 23, "name": "tasse", "response": 1 },
  { "id": 24, "name": "malette", "response": 1 },
  { "id": 25, "name": "horloge", "response": 1 }
]

}